Url,UserCount-1-10-2023,Rating-1-10-2023,RatingCount-1-10-2023,Size-1-10-2023,UserCount-1-11-2023,Rating-1-11-2023,RatingCount-1-11-2023,Size-1-11-2023,UserCount-1-12-2023,Rating-1-12-2023,RatingCount-1-12-2023,Size-1-12-2023
https://chromewebstore.google.com/detail/3d-wallpapers/fofbadhopmpnmfbkpmkifnkiahoddapp,100000,1,3,9.34,200000,2,4,12,15000,3,1,15
https://chromewebstore.google.com/detail/live-start-page-living-wa/ocggccaacacpienfcgmgcihoombokbbj,200000,4.7,8,35.27,200000,4.7,8,35.27,200000,4.7,8,35.27
https://chromewebstore.google.com/detail/roblox-cursors/jolpphelkfknggikoffmidbnogahbdkb,100000,4.4,36,141,100000,4.4,36,141,100000,4.4,36,141
https://chromewebstore.google.com/detail/bg-remaker-replace-remove/oadjckehgdokecialgdhjkjdmjonfkkf,10000,5,11,3.88,10000,5,11,3.88,10000,5,11,3.88
https://chromewebstore.google.com/detail/image-zoom-tool/nmpjkfaecjdmlebpoaofafgibnihjhhf,4000,3.4,10,135,4000,3.4,10,135,4000,3.4,10,135
https://chromewebstore.google.com/detail/among-us-cursors/kjfpdndppionnohookafiemhhcpojpgh,100000,3.7,7,116,100000,3.7,7,116,100000,3.7,7,116
https://chromewebstore.google.com/detail/dragon-ball-z-wallpaper/cepfoomofdcijdlpinanbciebkdmmddm,10000,3,2,6.79MiB,10000,3,2,6.79,10000,3,2,6.79
https://chromewebstore.google.com/detail/genshin-impact-live-wallp/dpekgkfdhgpccbajlifkbbcjjecmcdck,20000,4.9,197,58.71,20000,4.9,197,58.71,20000,4.9,197,58.71
https://chromewebstore.google.com/detail/black-jack-play-game/akclccfjblcngnchpgekhijggnibifla,9000,5,2,1.34MiB,9000,5,2,1.34MiB,9000,5,2,1.34MiB
https://chromewebstore.google.com/detail/naruto-wallpaper-hd-custo/ojjmnljhdcmedngpmahdlegoagpjocga,10000,4.9,40,57.87KiB,10000,4.9,40,57.87KiB,10000,4.9,40,57.87KiB
https://chromewebstore.google.com/detail/naruto-wallpaper-hd-custo/ojjmnljhdcmedngpmahdlegoagpjocga,10000,4.9,40,57.87KiB,10000,4.9,40,57.87KiB,10000,4.9,40,57.87KiB
https://chromewebstore.google.com/detail/tricky-craby-html5-game/eifmecggecobbcjofbkkobpbjbdifemc,4000,4.8,6,5.4MiB,4000,4.8,6,5.4MiB,4000,4.8,6,5.4MiB
https://chromewebstore.google.com/detail/cat-tab-cursor/anlfldbcimgngaghpocmngggcbigcpdn,5000,5,3,3.11MiB,5000,5,3,3.11MiB,5000,5,3,3.11MiB
https://chromewebstore.google.com/detail/cute-pandas-wallpaper-hd/chkmecmblnokmponaoelcijdmejjlfgl,1000,5,3,40.42KiB,1000,5,3,40.42KiB,1000,5,3,40.42KiB
https://chromewebstore.google.com/detail/garena-free-fire-wallpape/ocnnnfbblcadccdphieemnmbljdomdgl,10000,4,1,3.78MiB,10000,4,1,3.78MiB,10000,4,1,3.78MiB
https://chromewebstore.google.com/detail/red-and-black-shards/gamplddolbodndilnmooeilfcmdjkjfn,3000,4.7,14,36.88KiB,3000,4.7,14,36.88KiB,3000,4.7,14,36.88KiB
https://chromewebstore.google.com/detail/roblox-wallpaper/ankmhnbjbelldifhhpfajidadjcammkg,4000,1.7,3,6.53MiB,4000,1.7,3,6.53MiB,4000,1.7,3,6.53MiB
https://chromewebstore.google.com/detail/hololive-wallpaper/anjmcaelnnfglaikhmfogjlppgmoipld,662,5,10,57.85KiB,662,5,10,57.85KiB,662,5,10,57.85KiB
https://chromewebstore.google.com/detail/wallpapers-wallpapers/mbaepnmocnaefameoffjjfloadeidoih,411,5,2,59.02KiB,411,5,2,59.02KiB,411,5,2,59.02KiB
https://chromewebstore.google.com/detail/tabrr-dashboard-new-tab-w/ehmneimbopigfgchjglgngamiccjkijh,300000,4.7,364,4.77MiB,300000,4.7,364,4.77MiB,300000,4.7,364,4.77MiB
https://chromewebstore.google.com/detail/roblox-characters-custom/onlebljiolgmajcgmhnlpddfedichgcf,447,5,3,909KiB,447,5,3,909KiB,447,5,3,909KiB
https://chromewebstore.google.com/detail/fishing-wallpaper-hd-cust/oaiaaoampkchdgjmnnolmpdfadljjmhp,279,,,60.43KiB,279,,,60.43KiB,279,,,60.43KiB
https://chromewebstore.google.com/detail/best-hd-wallpapers-new-ta/ppfddbgnccnjjafhgfclceibnmdhloem,102,,,76.5KiB,102,,,76.5KiB,102,,,76.5KiB
https://chromewebstore.google.com/detail/comet-reddit-comments-on/amlfbbehleledmbphnielafhieceggal,8000,4.9,14,332KiB,8000,4.9,14,332KiB,8000,4.9,14,332KiB
https://chromewebstore.google.com/detail/chatgpt-for-web-search-ta/dhncdpndppkbcihedmkjbnmkdngalmkh,5000,5,2,2.06MiB,5000,5,2,2.06MiB,5000,5,2,2.06MiB
